{"<global>":{"admin_members_list":["admin_members_list"],"admin_rights_list":["admin_rights_list"],"login":["login"],"menu":["menu"],"userinfo":["userinfo"]},"Article_Report":{"export":["export"],"import":["import"],"list":["list"],"print":["print"],"search":["search"]},"Brand":{"export":["export"],"import":["import"],"list":["list"],"print":["print"],"search":["search"]},"Promo_Report":{"export":["export"],"import":["import"],"list":["list"],"print":["print"],"search":["search"]},"Purchase_Report":{"export":["export"],"import":["import"],"list":["list"],"print":["print"],"search":["search"]},"Sales_Report":{"export":["export"],"import":["import"],"list":["list"],"print":["print"],"search":["search"]},"Stock_Report":{"export":["export"],"import":["import"],"list":["list"],"print":["print"],"search":["search"]},"View":{"dashboard":["dashboard"]},"admin_members":{"search":["search"]},"admin_users":{"add":["add"],"delete":[],"edit":["edit"],"export":["export"],"import":["import"],"list":["list"],"print":["print"],"search":["search"],"view":["view"]},"c_sales":{"chart":["chart"],"search":["search"]},"c_sales_brand":{"chart":["chart"],"search":["search"]},"department_brand":{"export":["export"],"import":["import"],"list":["list"],"print":["print"],"search":["search"]},"department_brand2":{"export":["export"],"import":["import"],"list":["list"],"print":["print"],"search":["search"]},"department_brand3":{"export":["export"],"import":["import"],"list":["list"],"print":["print"],"search":["search"]},"department_brand4":{"export":["export"],"import":["import"],"list":["list"],"print":["print"],"search":["search"]},"ecommerce_detailsku2":{"export":["export"],"import":["import"],"list":["list"],"print":["print"],"search":["search"]},"ecommerce_invbranch2":{"add":["add"],"export":["export"],"import":["import"],"list":["list"],"print":["print"],"search":["search"]},"m_login":{"search":["search"]},"t_promo_type":{"search":["search"]},"v_sales_brand":{"export":["export"],"import":["import"],"list":["list"],"print":["print"],"search":["search"]},"v_sales_day":{"export":["export"],"import":["import"],"list":["list"],"print":["print"],"search":["search"]},"v_sales_month1":{"export":["export"],"import":["import"],"list":["list"],"print":["print"],"search":["search"]},"v_sales_month_online":{"add":["add"],"export":["export"],"import":["import"],"list":["list"],"print":["print"],"search":["search"]},"v_user_login_brand":{"export":["export"],"import":["import"],"list":["list"],"print":["print"],"search":["search"]},"v_user_login_brand1":{"export":["export"],"import":["import"],"list":["list"],"print":["print"],"search":["search"]},"v_user_login_brand2":{"export":["export"],"import":["import"],"list":["list"],"print":["print"],"search":["search"]},"v_user_login_brand3":{"export":["export"],"import":["import"],"list":["list"],"print":["print"],"search":["search"]}}